{"cameraMode":{"drawMode":0,"name":"Shaded","section":"Shading Mode"},"sceneLighting":true,"audioPlay":false,"sceneViewState":{"m_AlwaysRefresh":false,"showFog":true,"showSkybox":true,"showFlares":true,"showImageEffects":true,"showParticleSystems":true,"showVisualEffectGraphs":true,"m_FxEnabled":true},"in2DMode":false,"pivot":{"x":-0.5818453431129456,"y":-0.45813941955566409,"z":0.01343846321105957},"rotation":{"x":-0.029070058837532998,"y":0.9562423229217529,"z":-0.2727053463459015,"w":-0.10193578153848648},"size":2.157325267791748,"orthographic":false}